{
  "High": {
    "base_year": 2024,
    "base_scale": 0.32288111886981147,
    "tfr_2024": 1.6144055943490574,
    "surv_male_age0": 0.9993939138983801,
    "surv_female_age0": 0.9993098146966948,
    "tfr_bias": 0.31310961815842364,
    "tfr_slope": 0.007708299554288407,
    "survival_mult": 0.9985681086369215
  },
  "Low": {
    "base_year": 2024,
    "base_scale": 0.2732164520464902,
    "tfr_2024": 1.366082260232451,
    "surv_male_age0": 0.9994394215980797,
    "surv_female_age0": 0.9993512078096475,
    "tfr_bias": -0.47967772563533073,
    "tfr_slope": 0.01,
    "survival_mult": 0.9993208977897369
  },
  "Medium": {
    "base_year": 2024,
    "base_scale": 0.29804893407555483,
    "tfr_2024": 1.490244670377774,
    "surv_male_age0": 0.9994075485873186,
    "surv_female_age0": 0.9993198809130003,
    "tfr_bias": -0.1569762175750805,
    "tfr_slope": 0.01,
    "survival_mult": 0.9993555192671255
  }
}