{
  "High": {
    "base_year": 2024,
    "base_scale": 0.32288111886981147,
    "tfr_2024": 1.6144055943490574,
    "surv_male_age0": 0.9993939138983801,
    "surv_female_age0": 0.9993098146966948,
    "tfr_bias": 0.30980782931773143,
    "tfr_slope": 0.002414893235918167,
    "survival_mult": 1.0
  },
  "Low": {
    "base_year": 2024,
    "base_scale": 0.2732164520464902,
    "tfr_2024": 1.366082260232451,
    "surv_male_age0": 0.9994394215980797,
    "surv_female_age0": 0.9993512078096475,
    "tfr_bias": -0.2767021146922222,
    "tfr_slope": -0.000209385796890708,
    "survival_mult": 1.0
  },
  "Medium": {
    "base_year": 2024,
    "base_scale": 0.29804893407555483,
    "tfr_2024": 1.490244670377774,
    "surv_male_age0": 0.9994075485873186,
    "surv_female_age0": 0.9993198809130003,
    "tfr_bias": 0.017359517392032217,
    "tfr_slope": 0.0011597886800517431,
    "survival_mult": 1.0
  }
}